threshold,interaction_ratio,detected_videos,total_videos
10,0.9918136020151134,1575,1588
25,0.9905541561712846,1573,1588
50,0.9911838790931989,1574,1588
100,0.9899244332493703,1572,1588
